Column1,T-Likes,T-Retweets,T-Tweets,T-Media,T-Follows,F-Likes,F-Talking,F-W-Here,G-Found,Total,People,Products,Likes
care,0,0,0,0,0,1241955,30793,2434,346000000,347275182,1275182,346030793,1241955
sure,0,0,0,0,0,143338,567,155,312000000,312144060,144060,312000567,143338
close,0,0,0,0,0,19864,828,0,271000000,271020692,20692,271000828,19864
liked,0,0,0,0,0,364549,75595,0,226000000,226440144,440144,226075595,364549
free,0,0,3955,1037,695000,3426849,994533,15546,152000000,157136920,5131928,152999525,3426849
great,0,0,0,0,0,5899198,501293,2155623,150000000,158556114,8556114,150501293,5899198
good,0,0,0,0,0,24018952,5390766,10097,140000000,169419815,29419815,145390766,24018952
love,2,677,0,0,0,17479136,3222440,0,134000000,154702255,20701576,137223117,17479138
open,0,0,0,0,0,2372966,16820,240402,125000000,127630188,2630188,125016820,2372966
high,0,0,0,0,0,2276648,5646,9604,122000000,124291898,2291898,122005646,2276648
social,0,0,0,0,0,4000445,1603341,210,98600000,104203996,5603996,100203341,4000445
happy,0,0,1780,228,131000,14051200,656892,0,76200000,91041100,14839092,76858900,14051200
content,2380,2311,57700,6221,187000,187096,90978,998,72900000,73434684,466072,73057210,189476
connected,0,0,0,0,0,141729,10151,817,60100000,60252697,152697,60110151,141729
hope,0,0,91581,3693,39606,3348084,106679,30290,59900000,63519933,3524659,60101953,3348084
power,0,0,16700,7925,149000,21749891,26648434,634062,58000000,107206012,49181387,84673059,21749891
hard,0,0,51700,6271,477900,498641,20109,0,56900000,57954621,996650,56978080,498641
excited,0,0,0,0,0,45222,18476,0,56800000,56863698,63698,56818476,45222
interested,365298,254014,0,0,0,21746,958,0,56300000,56942016,22704,56554972,387044
related,0,0,5913,2470,351000,193680,12169,916,55000000,55566148,557765,55020552,193680
amazed,0,0,0,0,0,23918,183,2992,52500000,52527093,27093,52500183,23918
hot,0,0,0,0,0,34927107,255627,79191,52100000,87361925,35261925,52355627,34927107
important,0,106056,0,0,0,25192,3160,302,51600000,51734710,28654,51709216,25192
bad,0,0,0,0,0,13719798,638660,0,45500000,59858458,14358458,46138660,13719798
far,0,0,0,0,0,45741,5458,28055,45500000,45579254,79254,45505458,45741
awesome,0,0,0,0,0,12136326,5258769,38611,44400000,61833706,17433706,49658769,12136326
closed,0,0,5030,259,3571,58266,1467,23860,42400000,42492453,87164,42406756,58266
proud,18,1,0,0,0,6131269,1720074,1777,40400000,48253139,7853120,42120075,6131287
control,0,0,0,0,0,431145,24159,112541,40100000,40667845,567845,40124159,431145
inspiration,0,0,0,0,0,2583919,710753,1187,39600000,42895859,3295859,40310753,2583919
kind,0,0,0,0,0,469200,18704,0,38700000,39187904,487904,38718704,469200
easy,0,0,0,0,0,13249360,2299131,266427,38300000,54114918,15814918,40599131,13249360
lucky,0,0,2960,725,253000,1465678,44490,3048,36200000,37969901,1766216,36248175,1465678
reserved,0,0,0,0,0,2111534,1427,469,35600000,37713430,2113430,35601427,2111534
security,0,0,0,0,0,9596758,25944,0,34600000,44222702,9622702,34625944,9596758
lost,0,0,0,0,0,10175537,30014,27824,32100000,42333375,10233375,32130014,10175537
energy,0,0,0,0,0,24811882,492553,3164,31900000,57207599,25307599,32392553,24811882
strong,0,0,9608,1651,21500,595938,40083,19195,31900000,32587975,676716,31951342,595938
creative,0,0,29000,7,206000,31460215,3357714,26,30500000,65552962,35023955,33886721,31460215
creativity,0,0,10800,6726,144000,3027094,817195,810,30400000,34406625,3989099,31234721,3027094
wonderful,0,0,0,0,0,10499506,2592057,0,29500000,42591563,13091563,32092057,10499506
inspired,756,215,26600,17700,55400,834499,11655,101,28800000,29746926,901655,28856170,835255
accepted,0,0,0,0,0,818255,7768,516,28100000,28926539,826539,28107768,818255
friendly,0,0,0,0,0,948956,161569,55930,26100000,27266455,1166455,26261569,948956
unique,0,0,0,0,0,6141826,1112510,56,25700000,32954392,7254392,26812510,6141826
loved,0,0,0,0,0,76464,7379,110,25400000,25483953,83953,25407379,76464
toward,0,0,0,0,0,5402,38,67,24300000,24305507,5507,24300038,5402
smart,0,0,10953,1447,972700,5073756,2487802,33418,23800000,32380076,8567676,26300202,5073756
blessed,0,0,0,0,0,2167339,3749223,29,23700000,29616591,5916591,27449223,2167339
worked,18719,17837,0,0,0,161579,2586,13,23100000,23300734,164178,23120423,180298
trust,121,8,2208,64,20000,4273043,1372558,520,21900000,27568522,5666121,23274838,4273164
sense,0,0,0,0,0,1095157,800501,20988,21600000,23516646,1916646,22400501,1095157
concern,0,0,10800,1212,42300,909762,67492,4080,21600000,22635646,1023634,21679504,909762
connection,0,0,0,0,0,3064038,258777,2890,21500000,24825705,3325705,21758777,3064038
positive,0,0,0,0,0,13624305,4500188,0,21300000,39424493,18124493,25800188,13624305
surprise,0,0,0,0,0,691668,58110,0,20900000,21649778,749778,20958110,691668
cross,0,0,5815,96,3942,926940,10741,53533,20700000,21701067,995156,20716652,926940
interest,0,0,5462,733,328000,2744425,51413,0,19800000,22930033,3123838,19857608,2744425
passion,0,0,0,0,0,1850423,36788,2225,19500000,21389436,1889436,19536788,1850423
peace,0,0,23066,4126,1590400,1031563,35365,426,19000000,21684946,2657754,19062557,1031563
surprised,4387,10461,0,0,0,1520690,89468,0,18800000,20425006,1610158,18899929,1525077
hate,0,0,0,0,0,563402,707932,9,18600000,19871343,1271343,19307932,563402
glad,0,0,8344,704,32500,52612,1159,6550,18600000,18701869,92821,18610207,52612
worry,14491,10372,616,31,11800,7322,178,656,18500000,18545466,19956,18511197,21813
difficult,0,0,0,0,0,5150060,3003876,0,18300000,26453936,8153936,21303876,5150060
powerful,5297,5275,0,0,0,7176,351,0,18300000,18318099,7527,18305626,12473
loss,0,0,0,0,0,582974,4055,1550,18100000,18688579,588579,18104055,582974
acting,0,0,0,0,0,127232,1353,5173,18000000,18133758,133758,18001353,127232
cold,0,0,1,0,0,3867238,1613662,19827,17900000,23400728,5500727,19513663,3867238
crazy,0,0,0,0,0,5098623,1395072,188,17800000,24293883,6493883,19195072,5098623
determined,8,1,0,0,0,4341,75,1452,17800000,17805877,5868,17800076,4349
dedicated,0,0,0,0,0,71267,18009,1532,17300000,17390808,90808,17318009,71267
respect,0,0,0,0,0,2301587,133905,8135,17100000,19543627,2443627,17233905,2301587
sad,0,0,0,0,0,530042,383184,1413,17100000,18014639,914639,17483184,530042
played,0,0,21600,2790,17400,15006,148,884,17100000,17157828,33438,17124538,15006
joy,0,0,84600,866,237000,2660071,9904,0,17000000,19992441,2906975,17095370,2660071
alone,0,0,0,0,0,1348265,1503258,2,17000000,19851525,2851525,18503258,1348265
warm,0,0,9461,532,3959,63959,468,7293,17000000,17085672,75679,17010461,63959
attraction,0,0,0,0,0,7073794,2559244,199,16800000,26433237,9633237,19359244,7073794
patient,0,0,0,0,0,14242,205,97,16400000,16414544,14544,16400205,14242
basic,0,0,0,0,0,51364,824,12487,16000000,16064675,64675,16000824,51364
certain,0,0,0,0,0,48241,981,347,15200000,15249569,49569,15200981,48241
loving,0,0,0,0,0,185552,59471,26864,14800000,15071887,271887,14859471,185552
fear,0,0,0,0,0,3823518,123445,0,14700000,18646963,3946963,14823445,3823518
encouragement,0,0,0,0,0,80785,10155,59,14600000,14690999,90999,14610155,80785
pleasure,0,0,0,0,0,3397266,3730282,498,14200000,21328046,7128046,17930282,3397266
understanding,0,0,0,0,0,281273,24748,514,14200000,14506535,306535,14224748,281273
secure,0,0,0,0,0,3455784,268598,8,13900000,17624390,3724390,14168598,3455784
significant,0,0,0,0,0,19603,1064,81,13600000,13620748,20748,13601064,19603
emotional,50,3,0,0,0,100860,42100,0,13500000,13643013,142960,13542103,100910
disappointment,0,0,13200,500,7491,10428,127,223,13400000,13431969,18269,13413827,10428
disappointed,0,0,0,0,0,1934,10,0,13200000,13201944,1944,13200010,1934
sensitivity,0,0,0,0,0,52930,2154,159,13100000,13155243,55243,13102154,52930
freedom,0,0,0,0,0,893335,62480,549,12900000,13856364,956364,12962480,893335
pain,0,0,18607,1653,27700,13655139,311572,0,12700000,26714671,13994411,13031832,13655139
affected,0,0,0,0,0,8306,35,444,12500000,12508785,8785,12500035,8306
sensitive,0,0,0,0,0,73872,1005,85,12400000,12474962,74962,12401005,73872
submission,0,0,0,0,0,19761,244,5314,12300000,12325319,25319,12300244,19761
strength,0,0,0,0,0,2181149,163772,12747,12200000,14557668,2357668,12363772,2181149
grateful,910,133,0,0,0,2246150,29193,24782,12200000,14501168,2300125,12229326,2247060
confidence,0,0,19073,1304,34079,113886,1318,0,12200000,12369660,149283,12221695,113886
confident,0,0,0,0,0,15121,544,156,12200000,12215821,15821,12200544,15121
awareness,0,0,0,0,0,2101636,5528401,0,12100000,19730037,7630037,17628401,2101636
stress,0,0,0,0,0,454355,183456,0,11900000,12537811,637811,12083456,454355
pleased,0,0,0,0,0,17768,721,58359,11400000,11476848,76848,11400721,17768
pride,0,0,0,0,0,161788,3008,49284,11100000,11314080,214080,11103008,161788
aware,0,0,0,0,0,171778,10822,77,10800000,10982677,182677,10810822,171778
critical,0,0,0,0,0,139601,6051,0,10800000,10945652,145652,10806051,139601
bright,0,0,0,0,0,60951733,33962521,17493,10700000,105631747,94931747,44662521,60951733
doubt,0,0,3636,1240,608000,3582035,3578,1610,10600000,14800099,4195223,10608454,3582035
gay,0,0,0,0,0,1349141,69528,0,10500000,11918669,1418669,10569528,1349141
threat,0,0,0,0,0,87070,958,454,10200000,10288482,88482,10200958,87070
empty,0,0,0,0,0,178854,27680,38718,10100000,10345252,245252,10127680,178854
hurt,0,0,45306,378,167400,1102926,556451,0,9930000,11802461,1826777,10532135,1102926
silence,0,0,4759,1128,614000,4747470,393666,0,9910000,15671023,5755136,10309553,4747470
mad,0,0,16400,2289,195000,4830588,13673,22616,9910000,14990566,5061877,9942362,4830588
negative,0,0,0,0,0,79630,226,1402,9910000,9991258,81258,9910226,79630
happiness,0,0,0,0,0,28285437,1175058,2651,9730000,39193146,29463146,10905058,28285437
forced,0,0,0,0,0,109787,4995,0,9560000,9674782,114782,9564995,109787
dynamic,0,0,7454,47,180000,187854,4915,623,9530000,9910893,373392,9542416,187854
alive,0,0,0,0,0,2137444,35754,106328,9460000,11739526,2279526,9495754,2137444
sunny,0,0,0,0,0,190047,3034,1487,9430000,9624568,194568,9433034,190047
confused,0,0,0,0,0,3832766,760146,136,9310000,13903048,4593048,10070146,3832766
sexy,0,0,0,0,0,3545362,3151424,0,9140000,15836786,6696786,12291424,3545362
concerned,2,0,22508,3525,76100,563889,22124,0,9000000,9688148,662113,9048157,563891
sexual,0,0,34600,25000,0,58726,2782,208,8980000,9101316,61716,9042382,58726
angry,0,0,69100,4536,652000,26444639,180866,433,8960000,36311574,27277938,9214502,26444639
comfortable,20111,15987,0,0,0,1760707,7007,23,8940000,10743835,1767737,8962994,1780818
anger,0,0,0,0,0,44450,3069,130,8890000,8937649,47649,8893069,44450
importance,0,0,0,0,0,6054,9,0,8810000,8816063,6063,8810009,6054
scared,0,0,0,0,0,2196188,21361,41,8800000,11017590,2217590,8821361,2196188
familiar,0,0,0,0,0,264720,280,1580,8320000,8586580,266580,8320280,264720
desire,0,0,16000,5233,29000,109880,14385,60,8200000,8374558,153325,8235618,109880
shock,0,0,7021,1010,33700,4518441,32665,102,8150000,12742939,4584908,8190696,4518441
curious,0,0,4566,800,4537,878762,7441,10032,8110000,9016138,900772,8122807,878762
weird,0,0,0,0,0,7981577,1394060,0,8100000,17475637,9375637,9494060,7981577
insulting,0,0,0,0,0,0,0,0,8090000,8090000,0,8090000,0
terrible,0,0,319,32,1840,23244,133,456,7780000,7806024,25673,7780484,23244
quiet,0,0,0,0,0,1042516,3999,4865,7750000,8801380,1051380,7753999,1042516
criticism,0,0,0,0,0,3277,38,45,7740000,7743360,3360,7740038,3277
stupid,0,0,0,0,0,1731976,946165,3440,7680000,10361581,2681581,8626165,1731976
bored,0,0,1323,181,232000,11146042,6111011,0,7620000,25110557,17489053,13732515,11146042
afraid,0,0,0,0,0,477458,6959,0,7520000,8004417,484417,7526959,477458
impressed,6906,11021,0,0,0,162994,36699,42,7470000,7687662,199735,7517720,169900
horror,0,0,1040,75,23200,25594069,1297335,677743,7370000,34963462,27592347,8668450,25594069
terror,0,0,0,0,0,515127,3179,0,7230000,7748306,518306,7233179,515127
intended,11204,8749,11400,741,10400,6375,110,68,7150000,7199047,16953,7171000,17579
emotions,2,2,0,0,0,883839,247780,15,7120000,8251638,1131634,7367782,883841
shame,0,0,0,0,0,83718,582,10840,7010000,7105140,95140,7010582,83718
guilty,0,0,0,0,0,63187,17085,0,6650000,6730272,80272,6667085,63187
regret,0,0,0,0,0,16867,160,19307,6320000,6356334,36334,6320160,16867
attached,59482,94755,0,0,0,12343,279,54,6270000,6436913,12676,6365034,71825
reliable,0,0,0,0,0,15787,426,1350,6230000,6247563,17563,6230426,15787
depressed,34257,33422,0,0,0,34260,1295,117,6220000,6323351,35672,6254717,68517
depression,0,0,0,0,0,726924,269741,0,6210000,7206665,996665,6479741,726924
weak,0,0,0,0,0,14298,743,0,6190000,6205041,15041,6190743,14298
bold,0,0,0,0,0,690043,7478,1404,6080000,6778925,698925,6087478,690043
injured,0,0,0,0,0,20550,576,2,6070000,6091128,21128,6070576,20550
worried,0,0,0,0,0,2000,93,0,5980000,5982093,2093,5980093,2000
crush,0,0,1308,155,134000,159584242,2283254,11880,5720000,167734839,162013376,8004717,159584242
horrible,0,0,1140,89,92600,808720,5018,0,5600000,6507567,906338,5606247,808720
rejection,0,0,0,0,0,63733,88,0,5450000,5513821,63821,5450088,63733
silent,0,0,58,2,24400,187391,5199,0,5080000,5297050,216990,5085259,187391
upset,0,0,0,0,0,28887,1076,0,4790000,4819963,29963,4791076,28887
impression,0,0,0,0,0,76895,498,5,4780000,4857398,77398,4780498,76895
thankful,17,12,0,0,0,116927,28772,1593,4560000,4707321,147292,4588784,116944
animated,0,0,0,0,0,176689,57718,0,4380000,4614407,234407,4437718,176689
relaxation,0,0,234000,18800,2279,11732,313,831,4240000,4507955,15155,4493113,11732
frustrated,0,0,0,0,0,2243352,364483,0,4040000,6647835,2607835,4404483,2243352
frustration,0,0,0,0,0,51892,1538,0,4030000,4083430,53430,4031538,51892
calm,0,0,0,0,0,239434,96690,0,3960000,4296124,336124,4056690,239434
suffering,0,0,0,0,0,83290,531,2236,3960000,4046057,86057,3960531,83290
dare,0,0,77800,16134,92000,25803,992,13,3790000,4002742,118808,3884926,25803
relief,0,0,11400,2157,60700,628841,17265,91,3730000,4450454,706897,3760822,628841
capable,0,0,0,0,0,124047,46579,0,3660000,3830626,170626,3706579,124047
spiritual,0,0,0,0,0,1503636,260742,4287,3590000,5358665,1768665,3850742,1503636
spirituality,0,0,0,0,0,421668,150496,95,3590000,4162259,572259,3740496,421668
confusion,0,0,0,0,0,28305,1302,5482,3590000,3625089,35089,3591302,28305
opposite,15137,10206,0,0,0,26002,936,0,3580000,3632281,26938,3591142,41139
satisfied,78,11,0,0,0,18300,2402,79,3440000,3460870,20781,3442413,18378
brave,0,0,0,0,0,11314295,64769,0,3410000,14789064,11379064,3474769,11314295
controlled,0,0,0,0,0,17754,575,377,3410000,3428706,18706,3410575,17754
patience,0,0,9427,416,7558,10164,744,15,3320000,3348324,18481,3330587,10164
attachment,0,0,0,0,0,126976,4038,6,3210000,3341020,131020,3214038,126976
satisfaction,0,0,7343,113,11000,208764,738,10996,3190000,3428954,231498,3198194,208764
merry,0,0,0,0,0,254785,2276,261169,3150000,3668230,518230,3152276,254785
passionate,0,0,0,0,0,643384,78752,220,3140000,3862356,722356,3218752,643384
liberty,0,0,55400,3851,13000,2781846,69836,370244,3080000,6374177,3234926,3209087,2781846
accepting,0,0,0,0,0,332927,57407,0,3070000,3460334,390334,3127407,332927
inferior,40,69,0,0,0,8716,123,0,3060000,3068948,8839,3060192,8756
encouraged,0,0,0,0,0,3154,135,0,3030000,3033289,3289,3030135,3154
alarm,0,0,0,0,0,126223,942,1508,2990000,3118673,128673,2990942,126223
enthusiastic,0,170,0,0,0,15067,242,84,2990000,3005563,15393,2990412,15067
determination,0,0,0,0,0,9398,203,253,2990000,2999854,9854,2990203,9398
offensive,0,0,0,0,0,325242,41863,211,2980000,3347316,367316,3021863,325242
objective,0,0,0,0,0,170029,73211,22,2970000,3213262,243262,3043211,170029
trusted,0,0,0,0,0,2218,64,0,2960000,2962282,2282,2960064,2218
desperate,0,0,0,0,0,10541,464,589,2950000,2961594,11594,2950464,10541
caring,0,0,10600,158,24300,58658,4119,42,2930000,3027877,87119,2944877,58658
enthusiasm,0,0,0,0,0,1447695,24030,327,2890000,4362052,1472052,2914030,1447695
consideration,18173,12993,0,0,0,12149,151,0,2840000,2883466,12300,2853144,30322
ease,0,0,0,0,0,40379,805,4979,2830000,2876163,46163,2830805,40379
excitement,0,0,0,0,0,1144863,261372,368,2790000,4196603,1406603,3051372,1144863
courage,0,0,3478,1158,136000,177854,1815,8006,2780000,3108311,323675,2786451,177854
compassion,0,0,0,0,0,1236025,125564,4617,2730000,4096206,1366206,2855564,1236025
compassionate,0,0,0,0,0,297195,15251,128,2730000,3042574,312574,2745251,297195
overwhelmed,0,0,0,0,0,4819,86,0,2700000,2704905,4905,2700086,4819
drawn,0,0,3263,555,555800,808303,68361,2881,2690000,4129163,1435345,2762179,808303
pleasant,0,0,5767,455,6053,29460,1310,25995,2690000,2759040,62818,2697532,29460
pushing,0,0,0,0,0,36218,214,131,2680000,2716563,36563,2680214,36218
vulnerable,0,0,0,0,0,40332,3865,6,2660000,2704203,44203,2663865,40332
nostalgic,13,2,0,0,0,1212381,703309,236,2640000,4555941,1915926,3343311,1212394
nostalgia,0,0,8719,6435,15200,70210,662,6649,2640000,2747875,92721,2655816,70210
nervous,0,0,1540,231,8482,228372,15783,3420,2600000,2857828,256057,2617554,228372
delighted,0,0,0,0,0,46904,805,33,2600000,2647742,47742,2600805,46904
motivated,0,0,0,0,0,148461,11496,266,2580000,2740223,160223,2591496,148461
suspicious,4464,4004,0,0,0,8523,47,0,2570000,2587038,8570,2574051,12987
keen,0,0,18777,837,52900,507152,402512,506,2560000,3542684,963070,2982126,507152
peaceful,0,0,0,0,0,5362225,1178511,247,2520000,9060983,6540983,3698511,5362225
delight,0,0,0,0,0,1463505,47758,4814,2510000,4026077,1516077,2557758,1463505
ignorance,43,7,0,0,0,3957,111,0,2460000,2464118,4068,2460118,4000
madness,0,0,0,0,0,3196924,45830,365,2440000,5683119,3243119,2485830,3196924
anxiety,0,0,0,0,0,674566,316851,462,2440000,3431879,991879,2756851,674566
thrilled,0,0,0,0,0,1062,1,399,2420000,2421462,1462,2420001,1062
pushed,0,0,0,0,0,3017,48,0,2400000,2403065,3065,2400048,3017
silly,8,0,0,0,0,892779,703660,1593,2380000,3978040,1598032,3083660,892787
worthy,0,0,11495,664,945908,37657,377,21191,2380000,3397292,1005133,2392536,37657
aggressive,74,54152,0,0,0,236479,13130,10350,2370000,2684185,259959,2437282,236553
ignored,13400,10993,0,0,0,7941,6,0,2350000,2382340,7947,2360999,21341
gratitude,0,0,0,0,0,229358,6253,5672,2330000,2571283,241283,2336253,229358
lazy,0,0,0,0,0,141787,2297,116136,2320000,2580220,260220,2322297,141787
goodness,0,0,0,0,0,43404,615,11990,2310000,2366009,56009,2310615,43404
remembered,0,0,8278,609,8505,837413,4509,118,2300000,3159432,850545,2313396,837413
shocked,0,0,0,0,0,9039,54,458,2300000,2309551,9551,2300054,9039
desired,0,0,0,0,0,11947,232,759,2270000,2282938,12938,2270232,11947
kindness,0,0,0,0,0,262462,8121,7312,2250000,2527895,277895,2258121,262462
relaxed,0,0,0,0,0,16440,234,468,2240000,2257142,17142,2240234,16440
lonely,0,0,105890,14392,495700,3313955,16090,0,2230000,6176027,3825745,2366372,3313955
awful,0,0,50200,2854,186000,66226,7032,3245,2230000,2545557,262503,2290086,66226
dynamics,0,0,190002,11700,18016,411370,7793,0,2220000,2858881,437179,2429495,411370
shy,0,0,77,54,99500,322616,42939,0,2220000,2685186,465055,2263070,322616
loneliness,0,0,0,0,0,818335,141644,0,2200000,3159979,959979,2341644,818335
dreaming,0,0,0,0,0,319158,1402,137,2200000,2520697,320697,2201402,319158
touched,0,0,0,0,0,34733,528,1592,2160000,2196853,36853,2160528,34733
rage,0,0,11900,1851,47400,548886,45526,0,2140000,2795563,641812,2199277,548886
remembering,0,0,0,0,0,308936,607,0,2140000,2449543,309543,2140607,308936
optimism,0,0,0,0,0,508808,28528,4214,2120000,2661550,541550,2148528,508808
intimate,0,0,0,0,0,16407,173,1373,2120000,2137953,17953,2120173,16407
fortunate,0,0,0,0,0,138461,56071,7208,2110000,2311740,201740,2166071,138461
intimacy,0,0,0,0,0,36396,607,131,2110000,2147134,37134,2110607,36396
optimistic,0,0,0,0,0,5320,42,47,2110000,2115409,5409,2110042,5320
threatened,1,1,0,0,0,34610,479,8,2090000,2125099,35097,2090480,34611
tender,0,0,0,0,0,92290,16045,25847,2080000,2214182,134182,2096045,92290
intent,0,0,2938,15,11100,272690,211060,1047,2070000,2568850,495897,2284013,272690
defeat,0,0,0,0,0,58598,3507,189,2070000,2132294,62294,2073507,58598
anticipated,0,0,0,0,0,0,0,0,2070000,2070000,0,2070000,0
destruction,0,0,0,0,0,31147,2529,0,2040000,2073676,33676,2042529,31147
devoted,0,0,0,0,0,188134,9693,6549,2020000,2224376,204376,2029693,188134
fond,0,0,0,0,0,218359,55727,4989,1990000,2269075,279075,2045727,218359
useless,0,0,0,0,0,43241,1320,79,1990000,2034640,44640,1991320,43241
wicked,0,0,19900,700,111000,1336372,42605,175523,1980000,3666100,1665500,2043205,1336372
hardy,0,0,72000,9401,288000,481947,30023,49,1980000,2861420,800019,2091424,481947
rejected,0,0,0,0,0,20568,78,0,1980000,2000646,20646,1980078,20568
difficulty,24092,14652,0,0,0,1028672,94700,6738,1970000,3138854,1130110,2079352,1052764
neutral,6,5,0,0,0,112451,798,23560,1970000,2106820,136809,1970803,112457
bitter,0,0,35100,1599,21000,45567,858,5248,1960000,2069372,72673,1997557,45567
respected,2092,2323,0,0,0,1115,10,0,1930000,1935540,1125,1932333,3207
liking,0,0,0,0,0,397,24,18,1930000,1930439,439,1930024,397
panic,0,0,2640,672,0,13324136,311132,0,1910000,15548580,13635268,2224444,13324136
tension,0,0,2328,1044,62400,714126,357301,1894,1910000,3049093,1135721,2270673,714126
furious,0,0,0,0,0,116138728,265986,0,1900000,118304714,116404714,2165986,116138728
triumph,0,0,0,0,0,3177990,8260,86356,1880000,5152606,3272606,1888260,3177990
tragic,0,0,0,0,0,16379,284,157,1880000,1896820,16820,1880284,16379
sarcasm,0,0,0,0,0,9879084,10970249,0,1870000,22719333,20849333,12840249,9879084
bliss,0,0,7941,1187,309900,409540,15730,63,1870000,2614361,735233,1894858,409540
sarcastic,0,0,0,0,0,2255146,1769080,0,1860000,5884226,4024226,3629080,2255146
amusement,0,0,0,0,0,92452,4003,57561,1860000,2014016,154016,1864003,92452
disgusting,12725,25785,53000,4014,100000,802473,81513,0,1840000,2919510,983986,2004312,815198
thrill,0,0,14800,735,48000,99347,2559,131,1840000,2005572,150037,1858094,99347
grief,0,0,0,0,0,581779,30153,609,1830000,2442541,612541,1860153,581779
clever,0,0,1650,69,6032,772674,87810,10801,1810000,2689036,877317,1899529,772674
jealous,0,0,9252,490,14600,270757,7324,2429,1800000,2104852,295110,1817066,270757
isolated,0,0,0,0,0,23129,301,11,1800000,1823441,23441,1800301,23129
neglect,0,0,0,0,0,15779,6481,2,1800000,1822262,22262,1806481,15779
sensation,0,0,7355,870,63700,1966450,13454,37514,1780000,3869343,2081118,1801679,1966450
sore,7,1,0,0,0,692361,53054,245,1770000,2515668,745660,1823055,692368
distant,0,0,0,0,0,187102,1340,0,1770000,1958442,188442,1771340,187102
annoyed,7602,23504,3008,15,2695,4141,222,0,1770000,1811187,7058,1796749,11743
stressed,993,1474,0,0,0,186275,13421,161,1750000,1952324,199857,1764895,187268
challenged,0,0,0,0,0,51424,5024,2715,1750000,1809163,59163,1755024,51424
festive,0,0,5436,1277,16100,50730,2565,819,1740000,1816927,70214,1749278,50730
lively,0,0,0,0,0,1963558,17596,6471,1730000,3717625,1987625,1747596,1963558
awe,0,0,11547,1097,28133,226427,5272,0,1730000,2002476,259832,1747916,226427
eager,0,0,0,0,0,18272,545,538,1720000,1739355,19355,1720545,18272
weakness,37689,40883,0,0,0,10678,22,4417,1700000,1793689,15117,1740905,48367
uncomfortable,9064,8951,0,0,0,31567,188,0,1650000,1699770,31755,1659139,40631
uncertainty,1170,1279,0,0,0,1086,4,0,1640000,1643539,1090,1641283,2256
naughty,0,0,0,0,0,2336793,28423,15046,1620000,4000262,2380262,1648423,2336793
sentimental,0,0,0,0,0,15530,524,227,1590000,1606281,16281,1590524,15530
cruel,0,0,0,0,0,805701,17380,1579,1580000,2404660,824660,1597380,805701
fury,0,0,109000,3934,127000,1227928,5015,0,1570000,3042877,1359943,1687949,1227928
distress,0,0,0,0,0,1535711,2369233,13,1560000,5464957,3904957,3929233,1535711
curiosity,0,0,0,0,0,4747963,162233,818,1550000,6461014,4911014,1712233,4747963
dislike,39270,19016,0,0,0,136281,71,0,1550000,1744638,136352,1569087,175551
significance,0,0,0,0,0,22916,87,908,1550000,1573911,23911,1550087,22916
isolation,0,0,0,0,0,10404,62,544,1520000,1531010,11010,1520062,10404
attracted,1006,33278,0,0,0,368,16,0,1510000,1544668,384,1543294,1374
wilderness,0,0,0,0,0,832024,147912,231731,1500000,2711667,1211667,1647912,832024
energetic,0,0,0,0,0,66175,628,249894,1500000,1816697,316697,1500628,66175
devastating,0,0,0,0,0,9473,63,392,1490000,1499928,9928,1490063,9473
envy,0,0,75600,1498,262000,3323235,1854699,1082531,1480000,8079563,6522465,3411797,3323235
moody,0,0,0,0,0,1329788,31846,306264,1480000,3147898,1667898,1511846,1329788
greatness,127674,142440,0,0,0,23365097,289586,96,1470000,25394893,23654779,1902026,23492771
greed,0,0,0,0,0,242631,154395,148,1470000,1867174,397174,1624395,242631
unhappy,0,0,0,0,0,86448,3895,0,1450000,1540343,90343,1453895,86448
crushed,0,0,0,0,0,19588,846,12270,1450000,1482704,32704,1450846,19588
hopeful,13,0,0,0,0,58852,3695,468,1440000,1503028,63015,1443695,58865
respectful,2584,1730,0,0,0,6617,109,0,1430000,1441040,6726,1431839,9201
dominated,0,0,0,0,0,0,0,0,1420000,1420000,0,1420000,0
insecurity,0,0,0,0,0,41541,9510,0,1380000,1431051,51051,1389510,41541
ashamed,2853,18986,0,0,0,347589,21731,0,1360000,1751159,369320,1400717,350442
polite,0,0,0,0,0,21443,481,57275,1360000,1439199,79199,1360481,21443
empathy,0,0,0,0,0,280079,30973,0,1350000,1661052,311052,1380973,280079
sadness,16216,20775,0,0,0,13147,3005,0,1350000,1403143,16152,1373780,29363
fatigue,0,0,0,0,0,21641,195,0,1340000,1361836,21836,1340195,21641
passive,74,54152,0,0,0,153234,1052,12,1330000,1538524,154298,1385204,153308
judgement,41439,15180,0,0,0,29165,1051,15696,1330000,1432531,45912,1346231,70604
anticipation,7837,4974,0,0,0,10930,263,3011,1330000,1357015,14204,1335237,18767
charitable,0,0,0,0,0,34636,2155,191,1320000,1356982,36982,1322155,34636
guilt,0,0,0,0,0,222214,3818,1088,1300000,1527120,227120,1303818,222214
pathetic,0,5,0,0,0,28119,15387,9,1280000,1323520,43515,1295392,28119
defeated,0,0,0,0,0,11312,87,371,1280000,1291770,11770,1280087,11312
avoided,0,0,0,0,0,80593,49,0,1260000,1340642,80642,1260049,80593
irritated,0,0,0,0,0,150758,62483,60,1250000,1463301,213301,1312483,150758
dull,0,0,16100,1998,12300,19599,101,532,1240000,1290630,32532,1258199,19599
lust,0,0,13424,2232,254800,792569,344745,549,1230000,2638319,1392663,1590401,792569
cruelty,0,0,0,0,0,282964,8774,6486,1220000,1518224,298224,1228774,282964
anxious,0,0,0,0,0,15771,134,31,1210000,1225936,15936,1210134,15771
acted,0,0,3977,488,6216,16818505,30631277,371,1200000,48660834,47456369,31835742,16818505
insecure,14491,10372,0,0,0,5151,62,0,1160000,1190076,5213,1170434,19642
playful,0,0,0,0,0,10040,545,638,1160000,1171223,11223,1160545,10040
daring,0,0,0,0,0,384174,196155,422,1140000,1720751,580751,1336155,384174
mourning,0,0,0,0,0,350199,3672,0,1130000,1483871,353871,1133672,350199
uncertain,82,51,0,0,0,5092,981,72,1120000,1126278,6145,1121032,5174
serenity,0,0,34100,1430,24000,41870,763,4083,1110000,1216246,70716,1146293,41870
intrigued,0,0,0,0,0,43254,1441,1015,1110000,1155710,45710,1111441,43254
disrespectful,0,0,65478,2141,11417,0,0,0,1100000,1179036,11417,1167619,0
sensible,0,0,0,0,0,379866,168237,25,1080000,1628128,548128,1248237,379866
warmth,0,0,0,0,0,39122,12407,172,1080000,1131701,51701,1092407,39122
spite,0,0,0,0,0,18935,176,5216,1080000,1104327,24327,1080176,18935
outrage,0,0,0,0,0,13656,288,983,1080000,1094927,14927,1080288,13656
affection,0,0,0,0,0,9435,279,261,1080000,1089975,9975,1080279,9435
miserable,0,0,0,0,0,14826,635,2533,1040000,1057994,17994,1040635,14826
suspicion,0,0,0,0,0,2556,317,0,1010000,1012873,2873,1010317,2556
unsure,0,0,0,0,0,570224,14457,0,999000,1583681,584681,1013457,570224
grumpy,0,0,0,0,0,8760126,160759,7586,996000,9924471,8928471,1156759,8760126
raging,0,0,0,0,0,19440,928,509,994000,1014877,20877,994928,19440
outrageous,0,0,1,0,0,39524,1756,752,970000,1012033,42032,971757,39524
embarrassed,89575,59547,0,0,0,5529,10,0,969000,1123661,5539,1028557,95104
rational,0,0,34800,528,4342,162524,61577,1086,968000,1232857,229529,1064905,162524
devotion,0,0,2083,208,7424,36608,778,198,967000,1014299,45008,970069,36608
hostile,0,0,0,0,0,52466,167209,227,962000,1181902,219902,1129209,52466
irate,0,0,0,0,0,26451,865,0,962000,989316,27316,962865,26451
hostility,0,0,0,0,0,10673,939,0,962000,973612,11612,962939,10673
quake,0,0,0,0,0,120849,1110,1684,914000,1037643,123643,915110,120849
pity,0,0,2378,353,7074,270617,9734,0,913000,1203156,287425,925465,270617
boiling,0,0,0,0,0,14818,219,17372,912000,944409,32409,912219,14818
enjoyment,0,0,0,0,0,241697,51757,0,901000,1194454,293454,952757,241697
judged,0,0,0,0,0,4169,54,0,899000,903223,4223,899054,4169
offended,11653,9403,0,0,0,371064,45201,0,898000,1335321,416265,952604,382717
sympathy,0,0,0,0,0,123004,15025,11972,897000,1047001,150001,912025,123004
glee,0,0,2954,58,445000,43859011,28924,7,885000,45220954,44332942,916936,43859011
terrified,2859,4091,0,0,0,7996,111,0,832000,847057,8107,836202,10855
crappy,0,0,0,0,0,301455,5094,0,813000,1119549,306549,818094,301455
sorrow,0,0,0,0,0,104931,549,0,811000,916480,105480,811549,104931
destructive,4,1,0,0,0,83840,9173,0,807000,900018,93013,816174,83844
tense,0,0,0,0,0,20417,222,222,769000,789861,20861,769222,20417
neglected,0,0,0,0,0,46984,1777,831,756000,805592,49592,757777,46984
disliked,0,0,0,0,0,493835,751,0,753000,1247586,494586,753751,493835
absorbed,0,0,0,0,0,2489,40,0,723000,725529,2529,723040,2489
numb,7,5,0,0,0,258380,473,31,713000,971896,258884,713478,258387
heartbroken,28,19,1625,107,2574,57543,10446,0,707000,779342,70563,719197,57571
stupidity,7,0,0,0,0,2633881,1756868,0,696000,5086756,4390749,2452868,2633888
hateful,0,0,0,0,0,1024655,4056,0,690000,1718711,1028711,694056,1024655
appraisal,0,0,0,0,0,16228,1067,75,686000,703370,17370,687067,16228
unaware,0,0,0,0,0,22205,1153,26,664000,687384,23384,665153,22205
relieved,0,0,0,0,0,0,0,0,658000,658000,0,658000,0
despair,0,0,1095,55,6209,31468,232,0,644000,683059,37909,645382,31468
worthless,0,0,0,0,0,43177,2217,0,634000,679394,45394,636217,43177
greedy,13,11,0,0,0,35290,1230,23494,627000,687038,60014,628241,35303
ecstatic,0,0,0,0,0,23745,593,63,612000,636401,24401,612593,23745
dread,0,0,0,0,0,69918,558,0,603000,673476,70476,603558,69918
resentment,581,312,0,0,0,2707,18,0,570000,573618,2725,570330,3288
constructive,0,0,0,0,0,4953,92,460,565000,570505,5505,565092,4953
deprivation,0,0,0,0,0,3325,211,115,564000,567651,3651,564211,3325
dreamy,0,0,0,0,0,225590,17369,7704,563000,813663,250663,580369,225590
tortured,0,0,3845,194,26200,83675,593,1587,542000,658094,112055,546632,83675
amused,0,0,0,0,0,21467,97,5761,526000,553325,27325,526097,21467
domination,0,0,0,0,0,1013576,1495,0,523000,1538071,1015071,524495,1013576
courageous,0,0,0,0,0,3118657,96391,5069,491000,3711117,3220117,587391,3118657
misery,0,0,1611,65,52700,393857,51119,7921,476000,983273,505597,528795,393857
cynicism,0,0,0,0,0,115678,228,0,471000,586906,115906,471228,115678
boredom,0,0,0,0,0,4040220,559924,0,456000,5056144,4600144,1015924,4040220
contempt,0,0,0,0,0,48973,140,0,445000,494113,49113,445140,48973
blissful,0,0,0,0,0,218307,23447,1774,442000,685528,243528,465447,218307
snoopy,0,0,11974,3634,548800,46295296,3737900,0,432000,51029604,50581996,4185508,46295296
disconnected,0,0,0,0,0,18880,61,1831,426000,446772,20772,426061,18880
fulfilled,0,0,0,0,0,48302,1694,191,420000,470187,50187,421694,48302
shameless,0,0,6730,1764,256000,2017950,13752,798,412000,2708994,2288500,434246,2017950
cheerful,0,0,0,0,0,8095,148,6626,378000,392869,14869,378148,8095
serene,0,0,0,0,0,13159,197,432,373000,386788,13788,373197,13159
distressed,0,0,0,0,0,104980,81076,337,361000,547393,186393,442076,104980
rejuvenation,0,0,0,0,0,47100,323,7045,339000,393468,54468,339323,47100
aggression,0,0,0,0,0,26845,580,0,336000,363425,27425,336580,26845
brightness,0,0,0,0,0,3736,19,16,328000,331771,3771,328019,3736
spirited,0,0,0,0,0,256768,204026,15357,324000,800151,476151,528026,256768
bravery,0,16,0,0,0,335564,494,4737,321000,661811,340795,321510,335564
mellow,0,0,0,0,0,221123,3752,29431,311000,565306,254306,314752,221123
despicable,0,0,0,0,0,52759336,27483,0,303000,53089819,52786819,330483,52759336
humility,17267,7183,0,0,0,4560,403,218,289000,318631,5181,296586,21827
restless,0,0,11200,2119,13700,2178712,254428,228,281000,2741387,2447068,548747,2178712
bouncy,0,0,0,0,0,112257,104745,1778,280000,498780,218780,384745,112257
wrath,0,0,0,0,0,104727,1862,0,279000,385589,106589,280862,104727
subjective,0,0,0,0,0,4205,223,282,266000,270710,4710,266223,4205
wary,0,0,0,0,0,319,4,0,265000,265323,323,265004,319
disgusted,2,1,0,0,0,40781,2237,0,259000,302021,43018,261238,40783
dreadful,0,0,0,0,0,2514490,50747,1663,256000,2822900,2566900,306747,2514490
fascinated,50,71,0,0,0,7513828,1055080,0,255000,8824029,8568908,1310151,7513878
euphoria,0,0,12700,1232,59500,110196,727,2908,255000,442263,173331,269659,110196
reactive,0,0,0,0,0,110335,22573,0,254000,386908,132908,276573,110335
paralysis,0,0,0,0,0,38847,777,596,254000,294220,40220,254777,38847
fearful,0,0,0,0,0,20973,677,0,249000,270650,21650,249677,20973
shameful,0,0,0,0,0,7851,220,9440,248000,265511,17511,248220,7851
zest,0,0,0,0,0,975720,6722,9860,244000,1236302,992302,250722,975720
negativity,23188,39739,0,0,0,4583,24,19,241000,308553,4626,280763,27771
unpleasant,0,0,0,0,0,3378,68,814,239000,243260,4260,239068,3378
cynical,0,0,3574,621,154000,242720,10360,880,235000,647155,407960,249555,242720
provocative,0,0,0,0,0,4514243,849767,348,234000,5598358,5364358,1083767,4514243
jealousy,4,4,5208,65,6387,21956,287,110,229000,263021,28740,234564,21960
ridicule,34,31,0,0,0,12849,637,0,227000,240551,13486,227668,12883
admired,0,0,0,0,0,32773,147,63,221000,253983,32983,221147,32773
embarrassment,476,693,0,0,0,2499,254,0,221000,224922,2753,221947,2975
remorse,77,24,4067,719,37800,270746,55100,0,219000,587533,363646,278910,270823
flirty,0,0,22400,134,14400,112030,1154,28219,219000,397337,155803,242688,112030
incapable,2794,534,0,0,0,219,0,0,215000,218547,219,215534,3013
inadequate,1946,2010,0,0,0,4179,3,0,214000,222138,4182,216013,6125
hesitation,44,17,0,0,0,8696,186,155,212000,221098,9037,212203,8740
helpless,8863,3209,0,0,0,5095,183,0,209000,226350,5278,212392,13958
withdrawn,2750,5074,0,0,0,58,6,0,209000,216888,64,214080,2808
deprived,0,0,0,0,0,2084,34,26,209000,211144,2144,209034,2084
motivating,2,2,0,0,0,263880,29753,457,208000,502094,294090,237755,263882
joyous,0,0,0,0,0,632050,4450,572,207000,844072,637072,211450,632050
admiration,21867,34677,0,0,0,36903,11481,49,207000,311977,48433,253158,58770
insensitive,0,0,0,0,0,493,62,0,198000,198555,555,198062,493
earnest,0,0,4166,837,2999,13221,39,198,196000,217460,16457,201042,13221
weary,0,0,5253,168,2420,12071,206,14296,194000,228414,28993,199627,12071
agony,0,0,0,0,0,21491,476,119,193000,215086,22086,193476,21491
considerate,1899,1107,0,0,0,23861,299,2,192000,219168,24162,193406,25760
certainty,0,0,27700,572,18000,10260,198,123,189000,245853,28581,217470,10260
discouraged,16,5,0,0,0,3082,4,0,187000,190107,3086,187009,3098
irritation,0,0,0,0,0,2431,5,2,181000,183438,2438,181005,2431
intrigue,0,0,0,0,0,36631,1884,13065,177000,228580,51580,178884,36631
indifferent,0,0,0,0,0,9891,145,21,177000,187057,10057,177145,9891
irrational,0,0,36700,1353,3418,105615,1079,61,176000,324226,110173,215132,105615
lousy,0,0,0,0,0,7667,67,0,175000,182734,7734,175067,7667
longing,0,0,0,0,0,13437,661,4955,173000,192053,19053,173661,13437
alienation,0,0,0,0,0,61158,2738,0,170000,233896,63896,172738,61158
powerless,0,0,0,0,0,21042,264,0,168000,189306,21306,168264,21042
ecstasy,0,0,0,0,0,1062087,10078,3382,166000,1241547,1075547,176078,1062087
contentment,0,0,0,0,0,9294,306,539,166000,176139,10139,166306,9294
fascination,0,0,0,0,0,115575,17906,235,165000,298716,133716,182906,115575
appalled,0,0,0,0,0,1161,2,4,165000,166167,1167,165002,1161
gloomy,12200,10594,0,0,0,127881,3438,24,164000,318137,131343,178032,140081
frightened,0,0,17000,1318,59800,844033,8047,0,163000,1093198,911880,189365,844033
hesitant,2579,659,0,0,0,0,0,0,162000,165238,0,162659,2579
cranky,0,0,0,0,0,155794,182672,21853,161000,521319,360319,343672,155794
devastation,0,0,0,0,0,160781,15702,8,161000,337491,176491,176702,160781
sympathetic,0,317,0,0,0,23812,550,76,161000,185755,24438,161867,23812
shaky,0,0,0,0,0,146726,333,10152,160000,317211,157211,160333,146726
giddy,0,0,0,0,0,43547,546,24988,160000,229081,69081,160546,43547
insulted,19501,26944,0,0,0,0,0,0,157000,203445,0,183944,19501
pessimistic,210,121,0,0,0,7065,154,0,156000,163550,7219,156275,7275
afflicted,0,0,0,0,0,38856,72,709,150000,189637,39637,150072,38856
zeal,0,0,0,0,0,23833,1236,7565,147000,179634,32634,148236,23833
woe,0,0,3254,201,173000,18193,365,0,146000,341013,191558,149820,18193
indignant,0,0,0,0,0,2290,8,0,145000,147298,2298,145008,2290
devious,0,0,8955,1633,11900,1636998,82358,575,144000,1886419,1731831,236946,1636998
humiliated,0,0,0,0,0,0,0,0,144000,144000,0,144000,0
diminished,0,0,0,0,0,18930,48,0,142000,160978,18978,142048,18930
forceful,0,0,0,0,0,6493,214,4794,139000,150501,11501,139214,6493
fright,0,0,8722,376,12300,293198,26772,32038,138000,511406,364308,173870,293198
rapture,0,0,684,19,22500,75235,2800,11192,137000,249430,111727,140503,75235
disgust,0,0,0,0,0,31916,1190,0,137000,170106,33106,138190,31916
openness,0,0,0,0,0,25056,818,82,136000,161956,25956,136818,25056
aggravated,0,0,0,0,0,1490,80,24,136000,137594,1594,136080,1490
hysteria,0,0,0,0,0,158543,940,14455,135000,308938,173938,135940,158543
desperation,0,0,0,0,0,232506,821,1913,134000,369240,235240,134821,232506
triumphant,0,0,0,0,0,215208,2879,1718,134000,353805,219805,136879,215208
adored,0,0,21600,2076,7884,32890,1717,656,134000,200823,43147,159393,32890
hysterical,0,0,0,0,0,7709,36,12,134000,141757,7757,134036,7709
uniqueness,1844,7502,0,0,0,8516,15,266,133000,151143,8797,140517,10360
enraged,0,0,0,0,0,6713,24,0,133000,139737,6737,133024,6713
craziness,0,0,0,0,0,37918,1148,2,131000,170068,39068,132148,37918
agitation,0,0,0,0,0,271,0,0,130000,130271,271,130000,271
bitterness,376,592,0,0,0,1309088,325098,0,128000,1763154,1634186,453690,1309464
doubtful,0,0,0,0,0,11924,137,0,126000,138061,12061,126137,11924
avoidance,0,0,0,0,0,3209,105,79,124000,127393,3393,124105,3209
uneasy,0,0,0,0,0,3567,25,0,123000,126592,3592,123025,3567
ferocious,0,0,0,0,0,49826,4984,1086,121000,176896,55896,125984,49826
melancholy,1,872,0,0,0,31268,238,0,121000,153379,31506,122110,31269
aching,0,0,0,0,0,14576,470,348,121000,136394,15394,121470,14576
complacent,6531,21742,0,0,0,736,0,0,120000,149009,736,141742,7267
insignificant,0,0,0,0,0,2033,47,0,119000,121080,2080,119047,2033
highness,0,0,0,0,0,110425,12178,462,118000,241065,123065,130178,110425
gloom,0,0,0,0,0,75543,964,0,118000,194507,76507,118964,75543
rebellious,0,0,0,0,0,17649,130,2216,117000,136995,19995,117130,17649
aversion,0,0,0,0,0,11571,55,71,116000,127697,11697,116055,11571
liberated,0,0,0,0,0,28635,494,2018,115000,146147,31147,115494,28635
envious,0,0,0,0,0,10020,242,842,115000,126104,11104,115242,10020
homesickness,0,0,0,0,0,7152,179,2064,115000,124395,9395,115179,7152
cowardly,71262,34279,0,0,0,44301,77,4,114000,263923,44382,148356,115563
homesick,0,0,0,0,0,11245,204,2069,114000,127518,13518,114204,11245
torment,0,0,0,0,0,109907,511,28996,113000,252414,139414,113511,109907
impulsive,0,0,0,0,0,14605,416,77,113000,128098,15098,113416,14605
loathing,0,0,0,0,0,1989326,4543,5920,112000,2111789,1999789,116543,1989326
wondrous,0,0,0,0,0,112269,4300,145,110000,226714,116714,114300,112269
familiarity,251,149,0,0,0,0,0,0,110000,110400,0,110149,251
perplexed,0,0,0,0,0,5872,62,5273,109000,120207,11207,109062,5872
timid,0,0,0,0,0,44093,2672,67,105000,151832,46832,107672,44093
laziness,2291,1886,0,0,0,4632,1,0,105000,113810,4633,106887,6923
friendliness,77,41,0,0,0,6104,445,0,104000,110667,6549,104486,6181
frisky,0,0,0,0,0,17291,839,17655,103000,138785,35785,103839,17291
dissatisfied,0,0,0,0,0,0,0,0,103000,103000,0,103000,0
adoration,0,0,0,0,0,14507,807,828,97500,113642,16142,98307,14507
tenderness,0,0,2175,1150,153000,301416,57040,0,97100,611881,511456,157465,301416
scorn,0,0,0,0,0,10656,776,0,95400,106832,11432,96176,10656
anguish,0,0,0,0,0,6976,72,0,95400,102448,7048,95472,6976
provoked,1,1,0,0,0,92329,453,798,91900,185482,93580,92354,92330
alarmed,0,0,0,0,0,881,10,0,91200,92091,891,91210,881
emptiness,0,0,0,0,0,93459,20197,1639,91000,206295,115295,111197,93459
mischievous,0,0,0,0,0,3258,214,0,90700,94172,3472,90914,3258
annoyance,0,0,1065,27,6514,11709,302,20859,88900,129376,39384,90294,11709
provocation,0,0,0,0,0,8231,249,459,87300,96239,8939,87549,8231
overjoyed,1,0,0,0,0,20295,239,1174,86500,108209,21708,86739,20296
indifference,0,0,0,0,0,1843,61,0,86400,88304,1904,86461,1843
indecisive,7,15,0,0,0,8583,88,0,86000,94693,8671,86103,8590
tenacious,0,1631,0,0,0,2909246,8907,2334,85600,3007718,2920487,96138,2909246
lifeless,0,0,0,0,0,36552,3312,0,85400,125264,39864,88712,36552
boldness,0,0,0,0,0,8580,23,95,84000,92698,8698,84023,8580
receptive,0,0,0,0,0,1373,28,19,80700,82120,1420,80728,1373
discontent,0,0,7652,1185,24100,23662,430,397,79300,136726,48589,88567,23662
dismay,0,0,0,0,0,2809,21,0,78700,81530,2830,78721,2809
weirdness,0,0,0,0,0,129275,463,0,77200,206938,129738,77663,129275
affliction,0,0,0,0,0,343333,1778,2519,76600,424230,347630,78378,343333
inquisitive,0,0,0,0,0,35959,412,486,75600,112457,36857,76012,35959
submissive,0,0,4864,819,4174,27145,200,0,75100,112302,31519,80983,27145
elated,0,0,0,0,0,7469,148,48,74100,81765,7665,74248,7469
astonished,0,0,0,0,0,24599,204,15,72700,97518,24818,72904,24599
dedicating,1958,1114,0,0,0,0,0,0,72700,75772,0,73814,1958
reassurance,0,0,0,0,0,1016,8,0,70400,71424,1024,70408,1016
infatuation,0,0,34500,9978,57400,160298,3002,46,70000,335224,220746,117480,160298
reassured,1963,904,0,0,0,4644572,4183,50,68300,4719972,4648805,73387,4646535
agitated,0,0,0,0,0,2688,2,0,68200,70890,2690,68202,2688
pained,0,0,0,0,0,10344,16,0,68100,78460,10360,68116,10344
comforted,558,331,0,0,0,110,0,0,68100,69099,110,68431,668
lethargic,0,0,0,0,0,2363,64,0,67900,70327,2427,67964,2363
disrespected,9941,12701,0,0,0,3921238,1609686,0,67400,5620966,5530924,1689787,3931179
inflamed,0,0,0,0,0,46729,779,5,66600,114113,47513,67379,46729
mortified,0,0,0,0,0,13326,42,377,64900,78645,13745,64942,13326
numbness,11,8,0,0,0,3199,112,0,64400,67730,3311,64520,3210
judgemental,377,909,0,0,0,7838,1883,0,64000,75007,9721,66792,8215
impulsion,0,0,0,0,0,17782,2194,296,63100,83372,20272,65294,17782
tearful,0,0,0,0,0,1447,65,0,62500,64012,1512,62565,1447
nosy,0,0,5910,528,8521,16824,627,1528,62400,96338,27500,69465,16824
ridiculed,29268,13724,0,0,0,0,0,0,61900,104892,0,75624,29268
disillusioned,0,0,0,0,0,2810,9,521,61900,65240,3340,61909,2810
amazement,0,0,0,0,0,22197,454,16350,61800,100801,39001,62254,22197
empathetic,100,18,0,0,0,703,18,0,59500,60339,721,59536,803
victimized,23942,14957,0,0,0,5166,63,0,58700,102828,5229,73720,29108
abominable,0,0,0,0,0,29451,145,15,58300,87911,29611,58445,29451
dismayed,1452,1150,0,0,0,0,0,0,56600,59202,0,57750,1452
calmness,23,11,0,0,0,2528,8,16,56100,58686,2552,56119,2551
startled,0,0,0,0,0,1433892,482473,0,56000,1972365,1916365,538473,1433892
desolate,0,0,0,0,0,26217,414,0,55500,82131,26631,55914,26217
rejuvenated,0,0,37100,276,6281,7118,38,168,53600,104581,13605,91014,7118
sceptical,0,0,0,0,0,150946,2392,324,53400,207062,153662,55792,150946
alienated,0,0,15000,649,3436,14589,263,0,52900,86837,18288,68812,14589
fuming,0,0,0,0,0,1955,42,28,52900,54925,2025,52942,1955
fondness,0,0,0,0,0,341,1,0,51200,51542,342,51201,341
tormented,17744,21421,0,0,0,30240,1347,980,50700,122432,32567,73468,47984
unhappiness,107,232,0,0,0,1075,4,34,50600,52052,1113,50836,1182
melancholic,0,0,0,0,0,4464,68,0,50100,54632,4532,50168,4464
apprehension,0,0,0,0,0,42696,728,1265,48200,92889,44689,48928,42696
displeasure,349,484,0,0,0,0,0,0,47800,48633,0,48284,349
zealous,0,0,0,0,0,13451,575,404,47700,62130,14430,48275,13451
preoccupied,2770,1647,0,0,0,435,17,0,47700,52569,452,49364,3205
disapproval,0,1,0,0,0,3725,9,0,47400,51135,3734,47410,3725
nervousness,4531,1955,0,0,0,0,0,0,46700,53186,0,48655,4531
sexiness,0,0,0,0,0,16731,131,0,46600,63462,16862,46731,16731
bewildered,0,0,0,0,0,14874,240,69,46400,61583,15183,46640,14874
fulfilment,0,0,0,0,0,1889,74,5810,46300,54073,7773,46374,1889
nonchalant,0,0,0,0,0,3899,64,307,45900,50170,4270,45964,3899
exasperated,0,0,0,0,0,0,0,0,45300,45300,0,45300,0
wickedness,48,24,0,0,0,281,1,0,45100,45454,282,45125,329
fatigued,2,3,0,0,0,3854,114,4,44700,48677,3972,44817,3856
enthralled,1150,835,0,0,0,749,1,0,44500,47235,750,45336,1899
objectivity,4,6,0,0,0,12710,97,3,43500,56320,12810,43603,12714
shyness,0,0,0,0,0,58910,120,0,42800,101830,59030,42920,58910
awed,890,330,0,0,0,390089,52159,706,42400,486574,442954,94889,390979
pessimism,0,392,0,0,0,3160,18,0,42400,45970,3178,42810,3160
wronged,0,3770,0,0,0,2797,76,0,41500,48143,2873,45346,2797
rationality,0,0,0,0,0,21349,48,21,40800,62218,21418,40848,21349
flirted,1328,1229,0,0,0,0,0,0,40800,43357,0,42029,1328
exhilaration,0,0,0,0,0,15080,278,2669,40300,58327,18027,40578,15080
jubilant,0,0,0,0,0,5353,54,2270,39700,47377,7677,39754,5353
cowardice,0,0,0,0,0,4214,7,0,39200,43421,4221,39207,4214
incensed,0,0,0,0,0,10058934,3223381,0,38900,13321215,13282315,3262281,10058934
vengeful,0,0,0,0,0,9924,698,0,37900,48522,10622,38598,9924
disconnection,0,0,0,0,0,390,0,0,37500,37890,390,37500,390
apathetic,522,376,0,0,0,6401,63,0,37200,44562,6464,37639,6923
eagerness,97,49,0,0,0,386,6,0,35600,36138,392,35655,483
paralysed,0,0,0,0,0,4686672,1434811,0,35200,6156683,6121483,1470011,4686672
engrossed,4,2,0,0,0,1034,1,0,35200,36241,1035,35203,1038
appraised,0,0,0,0,0,353,25,29,33900,34307,407,33925,353
elation,0,0,0,0,0,89931,323,630,33700,124584,90884,34023,89931
inferiority,0,0,0,0,0,792,1,0,32900,33693,793,32901,792
politeness,0,0,0,0,0,409,1,0,32800,33210,410,32801,409
infuriated,5,107,0,0,0,123,15,0,32200,32450,138,32322,128
dejected,660,310,0,0,0,237,19,0,32100,33326,256,32429,897
disinterested,0,0,0,0,0,95,1,0,31300,31396,96,31301,95
helplessness,0,0,0,0,0,0,0,0,30800,30800,0,30800,0
thankfulness,0,0,0,0,0,2888,10,0,30700,33598,2898,30710,2888
aggravation,0,0,0,0,0,1157,3,0,30700,31860,1160,30703,1157
resentful,60,18,0,0,0,3611,89,0,30300,34078,3700,30407,3671
preoccupation,460,438,0,0,0,78797,29611,0,30000,139306,108408,60049,79257
sorrowful,0,0,0,0,0,380550,2321,1488,29600,413959,384359,31921,380550
grouchy,0,0,39000,1318,65400,10211,585,17402,29500,163416,93598,70403,10211
subjectivity,149,548,0,0,0,9386,29,58,26600,36770,9473,27177,9535
woeful,0,0,0,0,0,2497,188,0,25700,28385,2685,25888,2497
distrustful,0,0,0,0,0,0,0,0,24900,24900,0,24900,0
gleeful,0,0,0,0,0,58434,473,0,24800,83707,58907,25273,58434
festivity,5,1,0,0,0,9386,46,152,24600,34190,9584,24647,9391
gladness,0,0,0,0,0,4422,69,0,23900,28391,4491,23969,4422
jubilation,0,0,0,0,0,33867,775,2736,23700,61078,37378,24475,33867
discouragement,75,77,0,0,0,0,0,0,23500,23652,0,23577,75
repugnant,0,27,0,0,0,32125,2769,0,23100,58021,34894,25896,32125
ferocity,0,0,0,0,0,15788,315,4556,22600,43259,20659,22915,15788
grieved,0,0,0,0,0,17529,34,0,21300,38863,17563,21334,17529
rapturous,0,0,0,0,0,314247,203811,0,21200,539258,518058,225011,314247
insensitivity,268,408,0,0,0,135,0,0,21000,21811,135,21408,403
detestable,14,8,0,0,0,907,579,0,20200,21708,1486,20787,921
unbelief,335,394,0,0,0,4679,7,0,20100,25515,4686,20501,5014
quietness,2580,2131,0,0,0,275,0,0,19400,24386,275,21531,2855
scepticism,37,52,0,0,0,186582,5253,0,19300,211224,191835,24605,186619
astonishment,0,0,0,0,0,205,3,0,19300,19508,208,19303,205
misgiving,0,0,0,0,0,1064,29,0,18600,19693,1093,18629,1064
sulky,0,0,0,0,0,44428,11005,20124,18100,93657,75557,29105,44428
avarice,0,0,0,0,0,19540,177,0,17600,37317,19717,17777,19540
giggly,0,0,0,0,0,206463,18889,1457,17300,244109,226809,36189,206463
dullness,228,44,0,0,0,0,0,0,16400,16672,0,16444,228
constructivism,0,0,0,0,0,4132,43,0,16100,20275,4175,16143,4132
disapproving,0,0,0,0,0,3214,173,0,15900,19287,3387,16073,3214
remorseful,0,0,0,0,0,0,0,0,15800,15800,0,15800,0
irrationality,0,0,0,0,0,3671,14,0,15400,19085,3685,15414,3671
mournful,0,0,0,0,0,12553,87,0,15200,27840,12640,15287,12553
gaiety,0,0,0,0,0,53401,8010,70067,14900,146378,131478,22910,53401
revulsion,0,0,795,263,2512,262040,168,0,13000,278778,264720,14226,262040
sentimentality,1,2,0,0,0,1925,12,33,12800,14773,1970,12814,1926
uneasiness,54,3,0,0,0,314,3,0,12800,13174,317,12806,368
anguished,305,39,0,0,0,5593,89,0,12400,18426,5682,12528,5898
ditzy,0,0,0,0,0,27558,449,20,12200,40227,28027,12649,27558
powerlessness,4,6,0,0,0,6445,297,0,12100,18852,6742,12403,6449
disillusion,0,0,0,0,0,39324,2813,0,11900,54037,42137,14713,39324
cheerfulness,27,3,0,0,0,50,0,0,11600,11680,50,11603,77
exasperation,0,45,0,0,0,0,0,0,11300,11345,0,11345,0
insignificance,1360,1483,0,0,0,917,3,0,10400,14163,920,11886,2277
liveliness,0,0,0,0,0,11761,432,24,8970,21187,12217,9402,11761
unpleasantness,1,1,0,0,0,1019,57,0,8740,9818,1076,8798,1020
quaking,0,0,0,0,0,4833,36,1302,8670,14841,6171,8706,4833
unbelieving,0,0,0,0,0,108694,5111,0,8060,121865,113805,13171,108694
uselessness,0,0,0,0,0,1513,3,0,7890,9406,1516,7893,1513
pitied,2,13,0,0,0,199,0,0,7880,8094,199,7893,201
naughtiness,2,2,0,0,0,1529,0,0,7760,9293,1529,7762,1531
dejection,140,43,0,0,0,152,6,0,7700,8041,158,7749,292
aliveness,0,0,0,0,0,5676,117,778,7130,13701,6571,7247,5676
mortification,12,1,0,0,0,60374,132,0,7050,67569,60506,7183,60386
habituation,0,1,0,0,0,0,0,0,6220,6221,0,6221,0
agonized,394,0,0,0,0,5,0,0,6050,6449,5,6050,399
positiveness,0,0,0,0,0,3371,61,1207,4210,8849,4639,4271,3371
menaced,0,1,0,0,0,0,0,0,3960,3961,0,3961,0
unawareness,5770,6202,0,0,0,0,0,0,3630,15602,0,9832,5770
crankiness,1,0,0,0,0,0,0,0,3020,3021,0,3020,1
joviality,0,0,0,0,0,27980,1663,5576,1210,36429,35219,2873,27980
complacence,0,0,0,0,0,6808960,198362,0,1010,7008332,7007322,199372,6808960
vengefulness,0,0,0,0,0,24579,843,12,762,26196,25434,1605,24579
friskiness,0,0,0,0,0,376,0,0,449,825,376,449,376
jolliness,0,0,0,0,0,0,0,0,427,427,0,427,0
lousiness,0,0,0,0,0,5723,2,0,295,6020,5725,297,5723
enthralment,11,11157,2377,117,20000,8361,24,158,57,42262,28543,13732,8372
